"First Name","Last Name","Gender","Age","Email","Phone","Education","Occupation","Experience (Years)","Salary","Marital Status","Number of Children"
"Audrey","Kelley","Female","29","a.kelley@randatmail.com","245-1574-64","Upper secondary","Agronomist","2","1561","Single","5"
"Madaline","Higgins","Female","18","m.higgins@randatmail.com","271-2282-98","Primary","Firefighter","0","1331","Single","3"
"Edgar","Harper","Male","30","e.harper@randatmail.com","752-2159-55","Lower secondary","Cook","11","9502","Single","4"
"Ryan","Holmes","Male","30","r.holmes@randatmail.com","960-6291-23","Primary","Police Officer","1","8514","Married","1"
"Nicholas","Watson","Male","24","n.watson@randatmail.com","991-5729-79","Upper secondary","Medic","3","2707","Married","1"
"Valeria","Henderson","Female","26","v.henderson@randatmail.com","125-8740-75","Master","Historian","11","569","Single","3"
"Lucy","Morgan","Female","23","l.morgan@randatmail.com","078-1486-59","Doctoral","Physicist","10","4179","Married","2"
"Lyndon","Harrison","Male","26","l.harrison@randatmail.com","370-2958-24","Bachelor","Jeweller","8","6670","Married","5"
"Vanessa","Murray","Female","27","v.murray@randatmail.com","573-9427-28","Upper secondary","Archeologist","5","8559","Married","0"
"Audrey","Bennett","Female","22","a.bennett@randatmail.com","883-8665-78","Lower secondary","Graphic Designer","7","4462","Married","1"
"Miller","Thompson","Male","22","m.thompson@randatmail.com","883-5583-99","Lower secondary","Meteorologist","6","8119","Single","4"
"April","Barrett","Female","25","a.barrett@randatmail.com","969-9214-42","Lower secondary","Actor","7","4502","Single","5"
"Amanda","Moore","Female","20","a.moore@randatmail.com","605-3859-23","Master","Singer","9","5280","Single","0"
"Sydney","Davis","Female","27","s.davis@randatmail.com","498-5551-45","Master","Interior Designer","4","6503","Married","2"
"Ryan","Nelson","Male","20","r.nelson@randatmail.com","304-4411-55","Primary","Medic","7","7989","Single","2"
"Stella","Dixon","Female","28","s.dixon@randatmail.com","182-1305-94","Master","Scientist","14","5715","Married","1"
"Miller","Wilson","Male","27","m.wilson@randatmail.com","067-8973-65","Lower secondary","Pharmacist","2","8031","Married","4"
"Jessica","Elliott","Female","20","j.elliott@randatmail.com","467-2879-10","Lower secondary","Singer","4","705","Single","0"
"Edith","Miller","Female","20","e.miller@randatmail.com","664-8773-25","Doctoral","Photographer","4","8616","Married","1"
"Fiona","Hawkins","Female","20","f.hawkins@randatmail.com","907-2651-91","Upper secondary","Mathematician","6","9184","Married","2"
"Maya","Robinson","Female","29","m.robinson@randatmail.com","586-6717-49","Upper secondary","Botanist","13","6522","Married","1"
"Adele","Tucker","Female","26","a.tucker@randatmail.com","670-5458-76","Bachelor","Interior Designer","2","9379","Married","3"
"Kelsey","Riley","Female","28","k.riley@randatmail.com","982-1640-31","Upper secondary","Cook","6","1083","Single","0"
"Ellia","Alexander","Female","22","e.alexander@randatmail.com","558-5091-21","Lower secondary","Programmer","2","8031","Single","4"
"Catherine","Jones","Female","27","c.jones@randatmail.com","843-2475-53","Primary","Aeroplane Pilot","5","7405","Married","3"
"Samantha","Payne","Female","25","s.payne@randatmail.com","704-4150-16","Doctoral","Photographer","3","4717","Single","1"
"Jasmine","Douglas","Female","25","j.douglas@randatmail.com","476-2347-62","Doctoral","Scientist","7","1074","Married","5"
"Brooke","Henderson","Female","22","b.henderson@randatmail.com","391-7432-49","Primary","Jeweller","3","6189","Single","4"
"Adam","Henderson","Male","28","a.henderson@randatmail.com","690-9826-80","Primary","Interior Designer","9","9463","Single","1"
"Myra","Owens","Female","30","m.owens@randatmail.com","368-9546-46","Upper secondary","Agronomist","15","8871","Single","5"
"James","Thompson","Male","24","j.thompson@randatmail.com","653-6448-09","Upper secondary","Singer","4","6193","Married","3"
"Lucy","Ryan","Female","21","l.ryan@randatmail.com","116-9148-70","Primary","Economist","1","2187","Single","0"
"Oscar","Williams","Male","30","o.williams@randatmail.com","617-2541-61","Bachelor","Salesman","8","7088","Single","3"
"Briony","Spencer","Female","22","b.spencer@randatmail.com","877-0204-32","Upper secondary","Salesman","2","1501","Single","3"
"Caroline","Fowler","Female","18","c.fowler@randatmail.com","089-7462-76","Doctoral","Cook","8","3722","Single","2"
"Eric","Martin","Male","18","e.martin@randatmail.com","672-1279-61","Doctoral","Florist","4","7773","Married","1"
"Vivian","Ellis","Female","18","v.ellis@randatmail.com","577-1029-82","Upper secondary","Astronomer","2","1856","Single","2"
"Jessica","Harris","Female","19","j.harris@randatmail.com","481-5819-77","Upper secondary","Graphic Designer","1","6408","Married","1"
"Maddie","Cunningham","Female","26","m.cunningham@randatmail.com","702-4891-25","Lower secondary","Composer","7","3364","Married","0"
"Adam","Holmes","Male","30","a.holmes@randatmail.com","605-2178-41","Upper secondary","Accountant","11","4784","Married","3"
"Natalie","Hunt","Female","20","n.hunt@randatmail.com","790-4830-12","Lower secondary","Geologist","2","9993","Single","3"
"Connie","Ellis","Female","23","c.ellis@randatmail.com","823-8892-15","Lower secondary","Insurer","4","7999","Single","1"
"Frederick","Harper","Male","28","f.harper@randatmail.com","587-1832-28","Primary","Interior Designer","3","2281","Married","1"
"Darcy","Turner","Female","30","d.turner@randatmail.com","262-3994-03","Lower secondary","Accountant","3","8013","Single","2"
"Nicholas","Wright","Male","25","n.wright@randatmail.com","450-7226-75","Master","Lecturer","11","2219","Married","5"
"Jared","Wells","Male","29","j.wells@randatmail.com","389-9448-58","Primary","Economist","0","6874","Single","1"
"Eric","Dixon","Male","24","e.dixon@randatmail.com","893-2659-86","Primary","Baker","6","6605","Married","4"
"Lydia","Mitchell","Female","25","l.mitchell@randatmail.com","241-2965-10","Master","Firefighter","10","4396","Married","3"
"Owen","Farrell","Male","28","o.farrell@randatmail.com","692-7545-15","Upper secondary","Singer","7","6700","Married","0"
"Abraham","Sullivan","Male","22","a.sullivan@randatmail.com","408-7978-90","Primary","Interpreter","0","5532","Married","0"
"Julia","Elliott","Female","22","j.elliott@randatmail.com","125-8475-35","Doctoral","Teacher","3","7859","Single","3"
"Chelsea","Fowler","Female","21","c.fowler@randatmail.com","802-7193-73","Master","Mathematician","7","7977","Single","2"
"Lucia","Perry","Female","28","l.perry@randatmail.com","016-9590-01","Upper secondary","Baker","13","2181","Single","2"
"Annabella","Montgomery","Female","19","a.montgomery@randatmail.com","575-7861-24","Primary","Auditor","6","3686","Single","2"
"Charlotte","Harrison","Female","24","c.harrison@randatmail.com","388-8959-02","Doctoral","Lecturer","0","858","Single","5"
"Ada","Hawkins","Female","29","a.hawkins@randatmail.com","869-7527-83","Primary","Composer","9","6140","Married","5"
"Alan","Crawford","Male","27","a.crawford@randatmail.com","637-2346-29","Lower secondary","Engineer","10","3879","Married","3"
"Miller","Higgins","Male","26","m.higgins@randatmail.com","061-6204-54","Upper secondary","Social Worker","0","6978","Single","0"
"Valeria","Foster","Female","30","v.foster@randatmail.com","863-7887-63","Primary","Cook","6","536","Single","4"
"Clark","Hall","Male","27","c.hall@randatmail.com","577-3702-23","Upper secondary","Police Officer","10","3926","Single","0"
"Sam","Hawkins","Male","19","s.hawkins@randatmail.com","785-2989-16","Upper secondary","Firefighter","4","849","Married","5"
"Arthur","Myers","Male","19","a.myers@randatmail.com","894-0671-70","Doctoral","Historian","4","9794","Single","5"
"Maddie","Allen","Female","30","m.allen@randatmail.com","427-8284-01","Bachelor","Architect","5","6352","Single","5"
"Chelsea","Alexander","Female","18","c.alexander@randatmail.com","870-1454-87","Primary","Accountant","0","9261","Single","4"
"Nicholas","Kelley","Male","30","n.kelley@randatmail.com","856-3911-07","Upper secondary","Fashion Designer","12","8715","Married","5"
"Aldus","Nelson","Male","28","a.nelson@randatmail.com","253-6206-56","Upper secondary","Mathematician","11","7674","Single","5"
"Ned","Turner","Male","26","n.turner@randatmail.com","108-4742-51","Master","Producer","1","5902","Married","2"
"James","Carter","Male","28","j.carter@randatmail.com","474-6695-59","Upper secondary","Teacher","14","6631","Married","4"
"Aida","Wilson","Female","20","a.wilson@randatmail.com","096-7759-80","Lower secondary","Biochemist","4","4029","Married","5"
"Jack","Rogers","Male","20","j.rogers@randatmail.com","087-3943-58","Upper secondary","Historian","2","2862","Single","4"
"Maria","Hall","Female","18","m.hall@randatmail.com","617-2501-47","Primary","Interpreter","0","3888","Single","2"
"Victor","Kelley","Male","30","v.kelley@randatmail.com","073-4420-56","Bachelor","Fine Artist","6","4995","Married","0"
"Aston","Thompson","Male","19","a.thompson@randatmail.com","070-3089-45","Lower secondary","Jeweller","0","2792","Married","5"
"Adison","Warren","Male","18","a.warren@randatmail.com","947-4005-37","Master","Journalist","9","7668","Married","3"
"Carlos","Henderson","Male","30","c.henderson@randatmail.com","006-9973-53","Primary","Actor","4","4843","Single","0"
"Fiona","Perkins","Female","29","f.perkins@randatmail.com","997-2080-24","Bachelor","Mechanic","9","1176","Single","2"
"Alen","Andrews","Male","19","a.andrews@randatmail.com","994-3383-20","Doctoral","Insurer","8","9238","Single","2"
"Heather","Reed","Female","19","h.reed@randatmail.com","026-0397-38","Lower secondary","Scientist","8","1322","Single","1"
"Kevin","Lloyd","Male","22","k.lloyd@randatmail.com","784-8638-87","Lower secondary","Geologist","2","2062","Single","0"
"Blake","Barrett","Male","20","b.barrett@randatmail.com","348-9512-27","Doctoral","Dancer","0","3229","Single","5"
"Honey","Mitchell","Female","29","h.mitchell@randatmail.com","497-7282-67","Doctoral","Police Officer","1","4927","Single","4"
"Melanie","Baker","Female","18","m.baker@randatmail.com","434-9510-81","Upper secondary","Accountant","3","1321","Married","0"
"Edith","Hall","Female","27","e.hall@randatmail.com","324-0918-44","Lower secondary","Chemist","6","6994","Single","3"
"Oliver","Owens","Male","28","o.owens@randatmail.com","745-4668-97","Lower secondary","Economist","12","4664","Single","5"
"Chester","Thomas","Male","19","c.thomas@randatmail.com","781-2111-91","Primary","Dancer","1","2455","Married","2"
"Adrianna","Hill","Female","21","a.hill@randatmail.com","384-6172-88","Primary","Actor","6","3836","Single","1"
"Miller","Tucker","Male","28","m.tucker@randatmail.com","948-2781-15","Master","Chef","10","6662","Married","2"
"Alfred","Crawford","Male","24","a.crawford@randatmail.com","239-3793-71","Master","Cook","6","1849","Single","5"
"Violet","Hamilton","Female","23","v.hamilton@randatmail.com","225-4704-07","Primary","Programmer","3","5870","Married","5"
"Edwin","Scott","Male","27","e.scott@randatmail.com","695-5861-19","Bachelor","Composer","12","7454","Married","1"
"Aiden","Owens","Male","23","a.owens@randatmail.com","895-5802-69","Doctoral","Social Worker","9","4461","Married","5"
"Harold","Harris","Male","26","h.harris@randatmail.com","029-0100-14","Master","Veterinarian","6","1673","Single","5"
"Julia","Ellis","Female","19","j.ellis@randatmail.com","308-0977-78","Primary","Veterinarian","8","5211","Single","3"
"Amanda","Spencer","Female","26","a.spencer@randatmail.com","602-7743-55","Primary","Programmer","1","9410","Married","3"
"Oscar","Owens","Male","18","o.owens@randatmail.com","899-0320-96","Upper secondary","Biochemist","2","3016","Married","1"
"Carina","Payne","Female","28","c.payne@randatmail.com","403-7748-49","Master","Interior Designer","4","1006","Married","4"
"Ned","Andrews","Male","26","n.andrews@randatmail.com","179-4005-20","Primary","Dancer","9","9413","Married","2"
"Aida","Davis","Female","18","a.davis@randatmail.com","646-5013-24","Primary","Salesman","4","8667","Single","4"
"Bruce","Andrews","Male","21","b.andrews@randatmail.com","869-1234-80","Primary","Insurer","9","881","Single","3"
"Edward","Grant","Male","20","e.grant@randatmail.com","106-6134-71","Bachelor","Firefighter","6","3561","Married","0"
"Amber","Morris","Female","20","a.morris@randatmail.com","393-2867-78","Upper secondary","Meteorologist","5","850","Married","2"
"Joyce","Bennett","Female","19","j.bennett@randatmail.com","152-6202-93","Master","Hairdresser","9","4703","Single","5"
"Rafael","Grant","Male","21","r.grant@randatmail.com","545-7487-50","Lower secondary","Meteorologist","1","8151","Married","3"
"Dale","Morgan","Male","22","d.morgan@randatmail.com","062-4364-25","Primary","Mathematician","0","3421","Single","1"
"Martin","Anderson","Male","22","m.anderson@randatmail.com","114-4650-05","Upper secondary","Composer","11","9481","Married","0"
"John","Cooper","Male","21","j.cooper@randatmail.com","300-8813-54","Primary","Economist","2","7826","Single","1"
"Alberta","Ryan","Female","21","a.ryan@randatmail.com","858-5366-91","Upper secondary","Electrician","5","4105","Married","2"
"Edith","Scott","Female","22","e.scott@randatmail.com","916-8896-43","Doctoral","Mechanic","8","527","Single","0"
"Daryl","Crawford","Male","19","d.crawford@randatmail.com","484-1264-45","Lower secondary","Composer","7","5355","Married","2"
"Carl","Brown","Male","29","c.brown@randatmail.com","664-1289-80","Primary","Mathematician","4","4722","Married","4"
"Rebecca","Craig","Female","20","r.craig@randatmail.com","090-2863-46","Doctoral","Fine Artist","0","8929","Married","0"
"Alford","Henderson","Male","27","a.henderson@randatmail.com","513-5439-38","Master","Lawer","12","3423","Single","1"
"Brooke","Clark","Female","27","b.clark@randatmail.com","663-4464-82","Upper secondary","Scientist","0","1204","Married","2"
"Clark","Cooper","Male","20","c.cooper@randatmail.com","604-3416-55","Lower secondary","Aeroplane Pilot","0","3341","Single","4"
"Ryan","Andrews","Male","27","r.andrews@randatmail.com","359-7946-73","Master","Astronomer","1","5656","Married","2"
"Mary","Gibson","Female","21","m.gibson@randatmail.com","177-1936-68","Lower secondary","Florist","7","2582","Married","1"
"Alfred","Hawkins","Male","26","a.hawkins@randatmail.com","245-3507-39","Master","Physicist","8","6601","Married","3"
"Haris","Harrison","Male","24","h.harrison@randatmail.com","055-7191-20","Primary","Chef","1","9455","Married","5"
"George","Wells","Male","18","g.wells@randatmail.com","356-4433-42","Bachelor","Florist","2","4050","Single","4"
"Carlos","Montgomery","Male","28","c.montgomery@randatmail.com","216-9633-87","Upper secondary","Actor","2","1024","Single","0"
"Max","Grant","Male","28","m.grant@randatmail.com","987-3382-09","Primary","Firefighter","4","8003","Single","1"
"Henry","Roberts","Male","24","h.roberts@randatmail.com","732-2419-12","Upper secondary","Hairdresser","11","9896","Married","4"
"Cherry","Baker","Female","22","c.baker@randatmail.com","987-8103-28","Lower secondary","Aeroplane Pilot","3","5305","Married","0"
"Honey","Davis","Female","21","h.davis@randatmail.com","620-2478-56","Primary","Firefighter","0","3169","Married","0"
"Patrick","Russell","Male","19","p.russell@randatmail.com","535-1113-37","Doctoral","Driver","1","9070","Single","0"
"John","Brooks","Male","21","j.brooks@randatmail.com","355-1644-38","Primary","Lawer","3","9920","Single","4"
"Mary","Stewart","Female","19","m.stewart@randatmail.com","205-2057-96","Upper secondary","Medic","7","3808","Married","1"
"Abraham","Morris","Male","30","a.morris@randatmail.com","771-7383-62","Master","Hairdresser","14","4965","Single","5"
"Emma","Mason","Female","30","e.mason@randatmail.com","285-3410-98","Master","Baker","10","9067","Single","2"
"Amelia","Harris","Female","21","a.harris@randatmail.com","402-2287-78","Upper secondary","Manager","2","7180","Married","1"
"Alexia","Gibson","Female","27","a.gibson@randatmail.com","009-2958-95","Primary","Botanist","3","1075","Single","1"
"Lucia","Mason","Female","26","l.mason@randatmail.com","646-3673-20","Doctoral","Chef","11","792","Single","4"
"Daryl","Perry","Male","29","d.perry@randatmail.com","264-2819-88","Bachelor","Insurer","3","3239","Married","5"
"Blake","Murphy","Male","28","b.murphy@randatmail.com","011-0536-94","Doctoral","Fashion Designer","4","8132","Single","5"
"Stuart","Martin","Male","25","s.martin@randatmail.com","593-4001-67","Primary","Astronomer","0","5545","Single","0"
"Antony","Gibson","Male","23","a.gibson@randatmail.com","119-9905-33","Upper secondary","Journalist","0","7600","Single","5"
"Hailey","Mitchell","Female","29","h.mitchell@randatmail.com","161-5324-42","Master","Firefighter","6","4911","Single","2"
"Ned","Barnes","Male","29","n.barnes@randatmail.com","989-7782-55","Master","Astronomer","12","2851","Married","0"
"William","West","Male","30","w.west@randatmail.com","509-1159-60","Bachelor","Teacher","5","724","Single","5"
"Edgar","Spencer","Male","24","e.spencer@randatmail.com","462-6863-37","Master","Baker","12","3146","Married","4"
"Chloe","Carter","Female","23","c.carter@randatmail.com","729-0436-94","Doctoral","Baker","10","8318","Single","1"
"Lucia","Williams","Female","29","l.williams@randatmail.com","183-0628-10","Upper secondary","Engineer","8","3603","Married","0"
"Alberta","Riley","Female","26","a.riley@randatmail.com","443-3170-09","Doctoral","Social Worker","5","6873","Married","0"
"Nicholas","Williams","Male","18","n.williams@randatmail.com","704-6279-37","Lower secondary","Veterinarian","1","3750","Married","4"
"Joyce","Robinson","Female","27","j.robinson@randatmail.com","334-4785-29","Primary","Pharmacist","2","6292","Single","1"
"Daryl","Anderson","Male","19","d.anderson@randatmail.com","354-1507-63","Doctoral","Composer","9","3252","Single","0"
"Sofia","Sullivan","Female","21","s.sullivan@randatmail.com","452-7956-12","Primary","Firefighter","9","727","Married","1"
"Tara","Richards","Female","24","t.richards@randatmail.com","439-4880-39","Master","Mathematician","5","1863","Single","2"
"Valeria","Hunt","Female","21","v.hunt@randatmail.com","868-8143-68","Primary","Auditor","9","769","Single","1"
"James","Owens","Male","30","j.owens@randatmail.com","804-8692-54","Lower secondary","Graphic Designer","13","1397","Single","1"
"Stuart","Warren","Male","27","s.warren@randatmail.com","377-9691-34","Upper secondary","Teacher","6","1150","Single","2"
"Jacob","Fowler","Male","29","j.fowler@randatmail.com","162-3017-32","Primary","Lawer","2","9278","Single","1"
"Rafael","Andrews","Male","25","r.andrews@randatmail.com","717-3248-42","Upper secondary","Fashion Designer","11","722","Single","5"
"George","Kelley","Male","28","g.kelley@randatmail.com","468-6552-79","Bachelor","Medic","1","5840","Single","4"
"Tara","Farrell","Female","24","t.farrell@randatmail.com","304-1050-07","Doctoral","Composer","9","6949","Single","5"
"Lucia","Payne","Female","25","l.payne@randatmail.com","121-7905-16","Upper secondary","Physicist","5","8443","Married","2"
"Vanessa","Casey","Female","19","v.casey@randatmail.com","919-4854-53","Doctoral","Electrician","7","4175","Single","3"
"Emma","Morris","Female","21","e.morris@randatmail.com","080-6408-05","Bachelor","Medic","1","2637","Single","3"
"Kevin","Chapman","Male","29","k.chapman@randatmail.com","567-5973-19","Lower secondary","Interior Designer","4","5131","Married","4"
"Alan","Casey","Male","29","a.casey@randatmail.com","345-5369-09","Bachelor","Photographer","8","1966","Married","2"
"Patrick","Fowler","Male","23","p.fowler@randatmail.com","925-1426-69","Upper secondary","Biochemist","4","3438","Married","2"
"Sarah","Campbell","Female","24","s.campbell@randatmail.com","304-4850-22","Doctoral","Meteorologist","7","2961","Single","1"
"Sydney","Grant","Female","24","s.grant@randatmail.com","080-1163-67","Primary","Geologist","12","7138","Married","5"
"George","Evans","Male","28","g.evans@randatmail.com","665-2563-37","Primary","Jeweller","8","4762","Single","0"
"Marcus","Mason","Male","18","m.mason@randatmail.com","098-5942-52","Doctoral","Archeologist","4","5825","Married","4"
"Vincent","Douglas","Male","27","v.douglas@randatmail.com","612-1014-76","Doctoral","Aeroplane Pilot","3","1356","Married","2"
"Amy","Allen","Female","18","a.allen@randatmail.com","653-3229-22","Upper secondary","Fine Artist","7","4557","Single","5"
"Rubie","Barnes","Female","28","r.barnes@randatmail.com","361-9828-55","Lower secondary","Salesman","0","2082","Single","3"
"Rafael","Dixon","Male","24","r.dixon@randatmail.com","469-5199-47","Upper secondary","Biochemist","5","5633","Single","2"
"Ned","Wright","Male","20","n.wright@randatmail.com","302-2181-19","Upper secondary","Pharmacist","3","2968","Single","4"
"Tony","Williams","Male","29","t.williams@randatmail.com","439-3971-42","Upper secondary","Composer","11","4527","Married","2"
"Sydney","Cooper","Female","28","s.cooper@randatmail.com","570-6515-34","Upper secondary","Police Officer","6","8839","Married","5"
"Patrick","Bailey","Male","23","p.bailey@randatmail.com","804-4751-82","Bachelor","Archeologist","2","1372","Single","4"
"Madaline","Allen","Female","21","m.allen@randatmail.com","542-0467-78","Master","Accountant","6","7535","Single","5"
"Tiana","Kelly","Female","28","t.kelly@randatmail.com","842-3919-69","Lower secondary","Botanist","8","7757","Married","1"
"Eric","Foster","Male","23","e.foster@randatmail.com","491-6385-21","Upper secondary","Mathematician","6","9971","Single","3"
"Vincent","Wells","Male","23","v.wells@randatmail.com","699-4714-35","Upper secondary","Firefighter","6","6486","Single","2"
"Chester","Holmes","Male","25","c.holmes@randatmail.com","200-7310-45","Upper secondary","Carpenter","7","5166","Married","1"
"Grace","Martin","Female","18","g.martin@randatmail.com","431-7013-80","Upper secondary","Florist","5","1250","Single","2"
"Antony","Rogers","Male","25","a.rogers@randatmail.com","847-6186-42","Doctoral","Actor","0","1894","Single","1"
"Kristian","Brown","Male","29","k.brown@randatmail.com","795-3452-97","Doctoral","Agronomist","0","3599","Married","1"
"Arianna","Payne","Female","21","a.payne@randatmail.com","727-8268-67","Master","Fine Artist","6","9089","Single","0"
"Tony","Murphy","Male","26","t.murphy@randatmail.com","488-5672-50","Lower secondary","Journalist","9","4822","Single","0"
"Adelaide","Stewart","Female","29","a.stewart@randatmail.com","430-2341-65","Bachelor","Electrician","11","2103","Single","2"
"Sienna","Thompson","Female","23","s.thompson@randatmail.com","251-8670-20","Master","Mathematician","3","9481","Single","4"
"Julian","Perry","Male","23","j.perry@randatmail.com","792-2255-58","Doctoral","Fashion Designer","3","4473","Married","5"
"Carlos","Morris","Male","22","c.morris@randatmail.com","742-7395-62","Doctoral","Singer","3","5453","Married","0"
"Aldus","Lloyd","Male","24","a.lloyd@randatmail.com","415-6462-83","Bachelor","Mechanic","4","4764","Married","0"
"Arianna","Hunt","Female","23","a.hunt@randatmail.com","579-0261-94","Lower secondary","Police Officer","1","1141","Single","3"
"Mary","Johnston","Female","21","m.johnston@randatmail.com","289-1837-32","Lower secondary","Lawer","5","8674","Married","1"
"Abigail","Brown","Female","18","a.brown@randatmail.com","558-7560-30","Lower secondary","Interpreter","4","2591","Single","2"
"Carlos","Hamilton","Male","21","c.hamilton@randatmail.com","439-2791-24","Doctoral","Medic","0","6319","Married","2"
"Stella","Wright","Female","28","s.wright@randatmail.com","191-8390-09","Master","Florist","1","2391","Married","3"
"Annabella","Campbell","Female","22","a.campbell@randatmail.com","336-0746-28","Lower secondary","Mechanic","0","5086","Single","5"
"Justin","Cunningham","Male","23","j.cunningham@randatmail.com","982-9111-56","Lower secondary","Mechanic","3","1058","Single","1"
"Alina","Hill","Female","27","a.hill@randatmail.com","399-9730-17","Doctoral","Auditor","0","1152","Married","0"
"Edgar","Warren","Male","18","e.warren@randatmail.com","036-9076-54","Upper secondary","Actor","6","1517","Married","0"
"Tess","Adams","Female","26","t.adams@randatmail.com","347-6588-92","Bachelor","Economist","5","6025","Single","0"
"Heather","Jones","Female","27","h.jones@randatmail.com","360-4820-50","Upper secondary","Insurer","0","2523","Married","1"
"Mike","Turner","Male","28","m.turner@randatmail.com","324-0794-03","Doctoral","Geologist","0","891","Married","5"
